{"BTCUSDT":[20173.5027460002],"SNXUSDT":[],"MATICUSDT":[0.949519309099097]}